"AISID";"USRCHONumber";"ObjectNameOnDoc";"EnsembleNameOnDoc";"SecurityStatus";"Category";"ObjectType";"global_id";
"Идентификатор в АИС Мосгорнаследия";"Номер ЕГРОКН";"Наименование объекта по документам";"Наименование ансамбля по документам";"Охранный статус";"Категория объекта";"Вид объекта недвижимости";"global_id";
"a70bba3e-ff9d-11e4-b126-005056806bb6";"772241374630006";"""Курганы Марьино–Филимонки"", XII–XIII вв.";"";"объект культурного наследия";"федерального значения";"Объект археологии";"2606929494";
"abed859e-56f9-11e2-965f-005056806bb6";"771440677840006";"Матвеевское селище, XII-XIII вв.";"";"объект культурного наследия";"федерального значения";"Объект археологии";"2608406604";
"01a9eeb8-32ea-11e6-b786-005056806bb6";"";"Селище Аксиньино 4 (достопримечательное место)";"";"выявленный объект культурного наследия";"категория не устанавливается";"Объект археологии";"2608407405";
"029d59f6-1e2b-11e8-9e37-005056806bb6";"";"Селище ""Дьяково-1"" (достопримечательное место)";"";"выявленный объект культурного наследия";"категория не устанавливается";"Объект археологии";"2608407406";
"058e5ecc-faf9-11e5-bb62-005056806bb6";"";"Поселение 1 , XII-XIV вв. (достопримечательное место)";"";"выявленный объект культурного наследия";"категория не устанавливается";"Объект археологии";"2608407407";
"064bae6b-d57b-11e5-87bd-005056806bb6";"";"Селище Батыбино-5 (XV-XVI вв.) (достопримечательное место)";"";"выявленный объект культурного наследия";"категория не устанавливается";"Объект археологии";"2608407408";
"082dbe1b-4795-11e8-ac6f-005056806bb6";"";"Городище Клоково";"";"выявленный объект культурного наследия";"категория не устанавливается";"Объект археологии";"2608407409";
"124572d2-9caf-11e8-a167-005056806bb6";"";"Культурный слой усадьбы Измалково (достопримечательное место)";"";"выявленный объект культурного наследия";"категория не устанавливается";"Объект археологии";"2608407410";
"146eb41d-3eb8-11e7-a3bd-005056806bb6";"";"Селище ""Дмитровка 1"" (достопримечательное место)";"";"выявленный объект культурного наследия";"категория не устанавливается";"Объект археологии";"2608407411";
"14dc4dab-d3ee-11e5-87bd-005056806bb6";"";"Селище Сатино-Русское-6 (XV-XVI вв.) (достопримечательное место)";"";"выявленный объект культурного наследия";"категория не устанавливается";"Объект археологии";"2608407412";
"16891f4f-d57d-11e5-87bd-005056806bb6";"772341375350006";"""Курганный могильник Ерино 3"", XII–ХIII вв.";"";"объект культурного наследия";"федерального значения";"Объект археологии";"2608407413";
"1743c801-33d6-11e6-b786-005056806bb6";"772241362880006";"""Курганный могильник Малинки"", XI-XIII вв.";"";"объект культурного наследия";"федерального значения";"Объект археологии";"2608407414";
"1b9bd795-33db-11e6-b786-005056806bb6";"";"Селище Малинки (достопримечательное место)";"";"выявленный объект культурного наследия";"категория не устанавливается";"Объект археологии";"2608407415";
"1e43aa8b-c293-11e6-b401-005056806bb6";"";"Селище Кокошкино 2 (достопримечательное место)";"";"выявленный объект культурного наследия";"категория не устанавливается";"Объект археологии";"2608407416";
"2113a3aa-faf9-11e5-bb62-005056806bb6";"";"Поселение 2 (достопримечательное место)";"";"выявленный объект культурного наследия";"категория не устанавливается";"Объект археологии";"2608407417";
"23e4eb21-33d8-11e6-b786-005056806bb6";"772241374620006";"""Курганный могильник Чертаново 9"", XI–XIII вв.";"";"объект культурного наследия";"федерального значения";"Объект археологии";"2608407418";
"2454d37f-33d9-11e6-b786-005056806bb6";"772341375280006";"""Курганный могильник Зюзино 5"", XII–ХIII вв.";"";"объект культурного наследия";"федерального значения";"Объект археологии";"2608407419";
"27dfb0a8-33de-11e6-b786-005056806bb6";"772241374670006";"""Курганный могильник Узкое 3"", XII–XIII вв.";"";"объект культурного наследия";"федерального значения";"Объект археологии";"2608407420";
"2a2c412b-c7e9-11e8-a167-005056806bb6";"";"Селище ""Черепово 1"" (достопримечательное место)";"";"выявленный объект культурного наследия";"категория не устанавливается";"Объект археологии";"2608407421";
"31337336-d577-11e5-87bd-005056806bb6";"";"Селище Сосенки 2 (конец XIV-XVIII вв.) (достопримечательное место)";"";"выявленный объект культурного наследия";"категория не устанавливается";"Объект археологии";"2608407422";
"314802cc-e4ad-11e7-9c1f-005056806bb6";"772241356950006";"""Каменоломня ""Богородское 1"", XVII–XIX вв.";"";"объект культурного наследия";"федерального значения";"Объект археологии";"2608407423";
"3659a60d-4798-11e8-ac6f-005056806bb6";"";"Городище Красное";"";"выявленный объект культурного наследия";"категория не устанавливается";"Объект археологии";"2608407424";
"38723465-d574-11e5-87bd-005056806bb6";"";"Селище Секерино 1 (XV-XVI вв.) (достопримечательное место)";"";"выявленный объект культурного наследия";"категория не устанавливается";"Объект археологии";"2608407425";
"3b91b21d-32d1-11e6-b786-005056806bb6";"772341375010006";"""Курганный могильник Узкое 4"", XII–ХIII вв.";"";"объект культурного наследия";"федерального значения";"Объект археологии";"2608407426";
"3e5ec956-1e2c-11e8-9e37-005056806bb6";"772241374180006";"""Селище ""Дьяково–2"", XI–XIII вв.";"";"объект культурного наследия";"федерального значения";"Объект археологии";"2608407427";
"3eecf46c-faf9-11e5-bb62-005056806bb6";"";"Поселение 3, XII-XIV вв. (достопримечательное место)";"";"выявленный объект культурного наследия";"категория не устанавливается";"Объект археологии";"2608407428";
"3f904c5b-e493-11e7-9c1f-005056806bb6";"";"Селище ""Пучково 1"" (достопримечательное место)";"";"выявленный объект культурного наследия";"категория не устанавливается";"Объект археологии";"2608407429";
"40ed6091-ff9e-11e4-b126-005056806bb6";"772341374850006";"""Курганы ""Остафьево"", XII-XIII вв. н.э.";"";"объект культурного наследия";"федерального значения";"Объект археологии";"2608407430";
"4ab944d2-1d6f-11e8-9e37-005056806bb6";"";"Культурный слой Садовой слободы, южная часть (достопримечательное место)";"";"выявленный объект культурного наследия";"категория не устанавливается";"Объект археологии";"2608407431";
"50eb48e6-d570-11e5-87bd-005056806bb6";"";"Селище Спас-Купля 3 (XVII-XIX вв.) (достопримечательное место)";"";"выявленный объект культурного наследия";"категория не устанавливается";"Объект археологии";"2608407432";
"583a5b88-c780-11e6-b401-005056806bb6";"";"Селище Кокошкино 1 (достопримечательное место)";"";"выявленный объект культурного наследия";"категория не устанавливается";"Объект археологии";"2608407433";
"597a44ba-faf9-11e5-bb62-005056806bb6";"";"Поселение 1, XII-XIII вв. (достопримечательное место)";"";"выявленный объект культурного наследия";"категория не устанавливается";"Объект археологии";"2608407434";
"59c0d87e-1d6e-11e8-9e37-005056806bb6";"";"Культурный слой Садовой слободы, северная часть (достопримечательное место)";"";"выявленный объект культурного наследия";"категория не устанавливается";"Объект археологии";"2608407435";
"59e965a8-9a03-11e8-a167-005056806bb6";"";"Остатки подземных конструкций церкви Трех Святителей монастыря Всех Скорбящих радости. 1895-1910 гг. (достопримечательное место)";"";"выявленный объект культурного наследия";"категория не устанавливается";"Объект археологии";"2608407436";
"5a5a5358-e49a-11e7-9c1f-005056806bb6";"";"Селище ""Троицк 5"" (достопримечательное место)";"";"выявленный объект культурного наследия";"категория не устанавливается";"Объект археологии";"2608407437";
"60f09ec3-32f4-11e6-b786-005056806bb6";"";"Селище Аксиньино 3 (достопримечательное место)";"";"выявленный объект культурного наследия";"категория не устанавливается";"Объект археологии";"2608407438";
"61f01d8a-c93f-11e3-af6a-005056806bb6";"";"Поселение ""РАНИС-1""";"";"выявленный объект культурного наследия";"категория не устанавливается";"Объект археологии";"2608407439";
"61f01d8e-c93f-11e3-af6a-005056806bb6";"";"Поселение ""Костишово-1"" (достопримечательное место)";"";"выявленный объект культурного наследия";"категория не устанавливается";"Объект археологии";"2608407440";
"61f01d92-c93f-11e3-af6a-005056806bb6";"";"Поселение ""Троицкое-6"" (достопримечательное место)";"";"выявленный объект культурного наследия";"категория не устанавливается";"Объект археологии";"2608407441";
"61f01d98-c93f-11e3-af6a-005056806bb6";"";"Поселение ""Ознобишино-5"" (достопримечательное место)";"";"выявленный объект культурного наследия";"категория не устанавливается";"Объект археологии";"2608407442";
"61f01db9-c93f-11e3-af6a-005056806bb6";"772241374640006";"""Курган ""Рязановский"", XI–XIII вв.";"";"объект культурного наследия";"федерального значения";"Объект археологии";"2608407443";
"61f01dc1-c93f-11e3-af6a-005056806bb6";"772341375260006";"""Курганная группа ""Конаково–2"", XII–XIII вв.";"";"объект культурного наследия";"федерального значения";"Объект археологии";"2608407445";
"61f01dca-c93f-11e3-af6a-005056806bb6";"";"Поселение ""Песье-1"" (достопримечательное место)";"";"выявленный объект культурного наследия";"категория не устанавливается";"Объект археологии";"2608407446";
"61f01dd5-c93f-11e3-af6a-005056806bb6";"";"Селище ""Тупиково-1"" (достопримечательное место)";"";"выявленный объект культурного наследия";"категория не устанавливается";"Объект археологии";"2608407447";
"61f01ddf-c93f-11e3-af6a-005056806bb6";"";"Поселение ""Сатино-Татарское-7"" (достопримечательное место)";"";"выявленный объект культурного наследия";"категория не устанавливается";"Объект археологии";"2608407448";
"61f01de7-c93f-11e3-af6a-005056806bb6";"";"Поселение ""Ознобишино-4"" (достопримечательное место)";"";"выявленный объект культурного наследия";"категория не устанавливается";"Объект археологии";"2608407449";
"61f01dec-c93f-11e3-af6a-005056806bb6";"";"Поселение ""Щапово-6"" (достопримечательное место)";"";"выявленный объект культурного наследия";"категория не устанавливается";"Объект археологии";"2608407450";
"61f01df0-c93f-11e3-af6a-005056806bb6";"";"Поселение ""Алхимово-2"" (достопримечательное место)";"";"выявленный объект культурного наследия";"категория не устанавливается";"Объект археологии";"2608407451";
"61f01df2-c93f-11e3-af6a-005056806bb6";"";"Поселение ""Роднево-1"" (достопримечательное место)";"";"выявленный объект культурного наследия";"категория не устанавливается";"Объект археологии";"2608407453";
"61f01df8-c93f-11e3-af6a-005056806bb6";"";"Пенинское селище (достопримечательное место)";"";"выявленный объект культурного наследия";"категория не устанавливается";"Объект археологии";"2608407454";
"61f01dfc-c93f-11e3-af6a-005056806bb6";"";"Поселение ""Сальково-2"" (достопримечательное место)";"";"выявленный объект культурного наследия";"категория не устанавливается";"Объект археологии";"2608407455";
"61f01e02-c93f-11e3-af6a-005056806bb6";"";"Селище ""Починковское"" (достопримечательное место)";"";"выявленный объект культурного наследия";"категория не устанавливается";"Объект археологии";"2608407456";
"61f01e04-c93f-11e3-af6a-005056806bb6";"";"Поселение ""Щапово-1"" (достопримечательное место)";"";"выявленный объект культурного наследия";"категория не устанавливается";"Объект археологии";"2608407457";
"61f01e06-c93f-11e3-af6a-005056806bb6";"";"Поселение ""Ознобишино-6"" (достопримечательное место)";"";"выявленный объект культурного наследия";"категория не устанавливается";"Объект археологии";"2608407458";
"61f01e08-c93f-11e3-af6a-005056806bb6";"";"Поселение ""Щапово-3"" (достопримечательное место)";"";"выявленный объект культурного наследия";"категория не устанавливается";"Объект археологии";"2608407459";
"61f01e0a-c93f-11e3-af6a-005056806bb6";"";"Поселение ""Сатино- Татарское-4"" (достопримечательное место)";"";"выявленный объект культурного наследия";"категория не устанавливается";"Объект археологии";"2608407460";
"61f01e0e-c93f-11e3-af6a-005056806bb6";"";"Поселение ""Троицкое-5"" (достопримечательное место)";"";"выявленный объект культурного наследия";"категория не устанавливается";"Объект археологии";"2608407461";
"61f01e10-c93f-11e3-af6a-005056806bb6";"";"Курганная группа ""Ознобишино-4""";"";"выявленный объект культурного наследия";"категория не устанавливается";"Объект археологии";"2608407462";
"61f01e18-c93f-11e3-af6a-005056806bb6";"";"Поселение ""Щапово-2"" (достопримечательное место)";"";"выявленный объект культурного наследия";"категория не устанавливается";"Объект археологии";"2608407463";
"61f01e1c-c93f-11e3-af6a-005056806bb6";"";"Селище ""Конаковское"" (достопримечательное место)";"";"выявленный объект культурного наследия";"категория не устанавливается";"Объект археологии";"2608407464";
"61f01e20-c93f-11e3-af6a-005056806bb6";"";"Поселение ""Шаганино-1а"" (достопримечательное место)";"";"выявленный объект культурного наследия";"категория не устанавливается";"Объект археологии";"2608407465";
"61f01e22-c93f-11e3-af6a-005056806bb6";"";"Ликовский погост (достопримечательное место)";"";"выявленный объект культурного наследия";"категория не устанавливается";"Объект археологии";"2608407466";
"61f01e2b-c93f-11e3-af6a-005056806bb6";"";"Поселение ""Остафьево-2"" (достопримечательное место)";"";"выявленный объект культурного наследия";"категория не устанавливается";"Объект археологии";"2608407467";
"61f01e2e-c93f-11e3-af6a-005056806bb6";"";"Поселение ""Старогромово-1"" (достопримечательное место)";"";"выявленный объект культурного наследия";"категория не устанавливается";"Объект археологии";"2608407468";
"61f01e30-c93f-11e3-af6a-005056806bb6";"";"Поселение ""Старое Сырово-1"" (достопримечательное место)";"";"выявленный объект культурного наследия";"категория не устанавливается";"Объект археологии";"2608407469";
"61f01e3a-c93f-11e3-af6a-005056806bb6";"";"Поселение ""Ознобишино-2"" (достопримечательное место)";"";"выявленный объект культурного наследия";"категория не устанавливается";"Объект археологии";"2608407470";
"61f01e42-c93f-11e3-af6a-005056806bb6";"";"Поселение ""Щапово-4"" (достопримечательное место)";"";"выявленный объект культурного наследия";"категория не устанавливается";"Объект археологии";"2608407471";
"61f01e45-c93f-11e3-af6a-005056806bb6";"";"Селище ""Сальковское"" (достопримечательное место)";"";"выявленный объект культурного наследия";"категория не устанавливается";"Объект археологии";"2608407472";
"61f01e58-c93f-11e3-af6a-005056806bb6";"772341375360006";"""Курганная группа ""Ознобишино–3"", XII–ХIII вв.";"";"объект культурного наследия";"федерального значения";"Объект археологии";"2608407474";
"61f01e5a-c93f-11e3-af6a-005056806bb6";"";"Поселение ""Остафьево-4"" (достопримечательное место)";"";"выявленный объект культурного наследия";"категория не устанавливается";"Объект археологии";"2608407475";
"61f01e5e-c93f-11e3-af6a-005056806bb6";"";"Поселение ""Ознобишино-3"" (достопримечательное место)";"";"выявленный объект культурного наследия";"категория не устанавливается";"Объект археологии";"2608407477";
"61f01e64-c93f-11e3-af6a-005056806bb6";"772241374660006";"""Курганная группа ""Сатино–Татарское–1"", XII–XIII вв.";"";"объект культурного наследия";"федерального значения";"Объект археологии";"2608407478";
"61f01e68-c93f-11e3-af6a-005056806bb6";"";"Селище ""Николо-Хованское-1"" (достопримечательное место)";"";"выявленный объект культурного наследия";"категория не устанавливается";"Объект археологии";"2608407479";
"61f01e6f-c93f-11e3-af6a-005056806bb6";"";"Селище ""Губкино-1"" (достопримечательное место)";"";"выявленный объект культурного наследия";"категория не устанавливается";"Объект археологии";"2608407480";
"61f01e77-c93f-11e3-af6a-005056806bb6";"";"Городище ""Шаганино 1""";"";"выявленный объект культурного наследия";"категория не устанавливается";"Объект археологии";"2608407481";
"61f01e7c-c93f-11e3-af6a-005056806bb6";"";"Поселение ""Ознобишино-11"" (достопримечательное место)";"";"выявленный объект культурного наследия";"категория не устанавливается";"Объект археологии";"2608407482";
"61f01e7e-c93f-11e3-af6a-005056806bb6";"";"Поселение ""Ознобишино-8"" (достопримечательное место)";"";"выявленный объект культурного наследия";"категория не устанавливается";"Объект археологии";"2608407483";
"61f01e86-c93f-11e3-af6a-005056806bb6";"";"Поселение ""Шаганино-4"" (достопримечательное место)";"";"выявленный объект культурного наследия";"категория не устанавливается";"Объект археологии";"2608407484";
"61f01e88-c93f-11e3-af6a-005056806bb6";"772241362870006";"""Курганная группа ""Рыбино-2"", XII-XIII вв.";"";"объект культурного наследия";"федерального значения";"Объект археологии";"2608407485";
"61f01e8f-c93f-11e3-af6a-005056806bb6";"";"Поселение ""Ознобишино-3а"" (достопримечательное место)";"";"выявленный объект культурного наследия";"категория не устанавливается";"Объект археологии";"2608407486";
"61f01e93-c93f-11e3-af6a-005056806bb6";"";"Селище ""Безобразовское"" (достопримечательное место)";"";"выявленный объект культурного наследия";"категория не устанавливается";"Объект археологии";"2608407487";
"61f01e9b-c93f-11e3-af6a-005056806bb6";"";"Поселение ""Троицкое-3"" (достопримечательное место)";"";"выявленный объект культурного наследия";"категория не устанавливается";"Объект археологии";"2608407488";
"61f01e9d-c93f-11e3-af6a-005056806bb6";"";"Пансионат ""Десна"". Курганы";"";"выявленный объект культурного наследия";"категория не устанавливается";"Объект археологии";"2608407489";
"61f01e9f-c93f-11e3-af6a-005056806bb6";"";"Селище ""Юровское"" (достопримечательное место)";"";"выявленный объект культурного наследия";"категория не устанавливается";"Объект археологии";"2608407490";
"61f01ea1-c93f-11e3-af6a-005056806bb6";"";"Селище ""Столбово-1"" (достопримечательное место)";"";"выявленный объект культурного наследия";"категория не устанавливается";"Объект археологии";"2608407491";
"61f01ea4-c93f-11e3-af6a-005056806bb6";"";"Поселение ""Троицкое-2"" (достопримечательное место)";"";"выявленный объект культурного наследия";"категория не устанавливается";"Объект археологии";"2608407492";
"61f01ea8-c93f-11e3-af6a-005056806bb6";"";"Поселение ""Русино-2"" (достопримечательное место)";"";"выявленный объект культурного наследия";"категория не устанавливается";"Объект археологии";"2608407493";
"61f01eaa-c93f-11e3-af6a-005056806bb6";"";"Земляной редут французской армии";"";"выявленный объект культурного наследия";"категория не устанавливается";"Объект археологии";"2608407494";
"67f1ea51-c93f-11e3-af6a-005056806bb6";"";"Селище ""Ознобишинское"" (достопримечательное место)";"";"выявленный объект культурного наследия";"категория не устанавливается";"Объект археологии";"2608407495";
"67f1ea56-c93f-11e3-af6a-005056806bb6";"772341374810006";"""Курганная группа ""Конаково–1"", XII–XIII вв.";"";"объект культурного наследия";"федерального значения";"Объект археологии";"2608407496";
"67f1ea5a-c93f-11e3-af6a-005056806bb6";"";"Поселение ""Рязаново-3"" (достопримечательное место)";"";"выявленный объект культурного наследия";"категория не устанавливается";"Объект археологии";"2608407497";
"67f1ea70-c93f-11e3-af6a-005056806bb6";"";"Поселение ""Молодцы-1"" (достопримечательное место)";"";"выявленный объект культурного наследия";"категория не устанавливается";"Объект археологии";"2608407498";
"67f1ea74-c93f-11e3-af6a-005056806bb6";"";"Поселение ""Батыбино-1"" (достопримечательное место)";"";"выявленный объект культурного наследия";"категория не устанавливается";"Объект археологии";"2608407499";
"67f1ea7e-c93f-11e3-af6a-005056806bb6";"";"Поселение ""Сатино- Татарское-5"" (достопримечательное место)";"";"выявленный объект культурного наследия";"категория не устанавливается";"Объект археологии";"2608407500";
"67f1ea84-c93f-11e3-af6a-005056806bb6";"";"Селище ""Подосинки-1"" (достопримечательное место)";"";"выявленный объект культурного наследия";"категория не устанавливается";"Объект археологии";"2608407501";
"67f1ea86-c93f-11e3-af6a-005056806bb6";"";"Селище ""Подосинки-2"" (достопримечательное место)";"";"выявленный объект культурного наследия";"категория не устанавливается";"Объект археологии";"2608407502";
"67f1ea88-c93f-11e3-af6a-005056806bb6";"";"Селище ""Сальково-1"" (достопримечательное место)";"";"выявленный объект культурного наследия";"категория не устанавливается";"Объект археологии";"2608407503";
"67f1ea95-c93f-11e3-af6a-005056806bb6";"";"Селище ""Красное""";"";"выявленный объект культурного наследия";"категория не устанавливается";"Объект археологии";"2608407504";
"67f1ea97-c93f-11e3-af6a-005056806bb6";"772241392710006";"""Курганная группа ""Шаганино-1"", XII-XIII вв.";"";"объект культурного наследия";"федерального значения";"Объект археологии";"2608407505";
"67f1ea9e-c93f-11e3-af6a-005056806bb6";"772241374650006";"""Городище ""Роднево–1"", II в. до н.э. – I в. н.э.";"";"объект культурного наследия";"федерального значения";"Объект археологии";"2608407506";
"67f1eaa0-c93f-11e3-af6a-005056806bb6";"";"Поселение ""Сатино- Татарское-1а"" (достопримечательное место)";"";"выявленный объект культурного наследия";"категория не устанавливается";"Объект археологии";"2608407507";
"67f1eaa4-c93f-11e3-af6a-005056806bb6";"772341375000006";"""Курганная группа ""Расторопово"", XI–XIII вв.";"";"объект культурного наследия";"федерального значения";"Объект археологии";"2608407508";
"67f1eaa6-c93f-11e3-af6a-005056806bb6";"";"Поселение ""Песье-2"" (достопримечательное место)";"";"выявленный объект культурного наследия";"категория не устанавливается";"Объект археологии";"2608407509";
"67f1eaaf-c93f-11e3-af6a-005056806bb6";"";"Деснинское селище (достопримечательное место)";"";"выявленный объект культурного наследия";"категория не устанавливается";"Объект археологии";"2608407510";
"67f1eab7-c93f-11e3-af6a-005056806bb6";"";"Селище ""Раево-1"" (достопримечательное место)";"";"выявленный объект культурного наследия";"категория не устанавливается";"Объект археологии";"2608407511";
"67f1eab9-c93f-11e3-af6a-005056806bb6";"772241362860006";"""Курганы ""Рыбинские"", XII-XIII вв.";"";"объект культурного наследия";"федерального значения";"Объект археологии";"2608407512";
"67f1eabb-c93f-11e3-af6a-005056806bb6";"";"Поселение ""Сатино- Татарское-1б"" (достопримечательное место)";"";"выявленный объект культурного наследия";"категория не устанавливается";"Объект археологии";"2608407513";
"67f1eac5-c93f-11e3-af6a-005056806bb6";"";"Поселение ""Щапово-5"" (достопримечательное место)";"";"выявленный объект культурного наследия";"категория не устанавливается";"Объект археологии";"2608407514";
"67f1eac9-c93f-11e3-af6a-005056806bb6";"";"Курганы ""Ликово""";"";"выявленный объект культурного наследия";"категория не устанавливается";"Объект археологии";"2608407515";
"67f1eacd-c93f-11e3-af6a-005056806bb6";"";"Селище ""Софьино-1"" (достопримечательное место)";"";"выявленный объект культурного наследия";"категория не устанавливается";"Объект археологии";"2608407516";
"67f1ead5-c93f-11e3-af6a-005056806bb6";"";"Поселение ""Ознобишино-9"" (достопримечательное место)";"";"выявленный объект культурного наследия";"категория не устанавливается";"Объект археологии";"2608407517";
"67f1eade-c93f-11e3-af6a-005056806bb6";"";"Селище ""Чириковское"" (достопримечательное место)";"";"выявленный объект культурного наследия";"категория не устанавливается";"Объект археологии";"2608407518";
"67f1eae4-c93f-11e3-af6a-005056806bb6";"772241362850006";"""Курганы ""Сальковские"", XII-XIII вв.";"";"объект культурного наследия";"федерального значения";"Объект археологии";"2608407519";
"67f1eaf3-c93f-11e3-af6a-005056806bb6";"";"Селище ""Тарасово-1"" (достопримечательное место)";"";"выявленный объект культурного наследия";"категория не устанавливается";"Объект археологии";"2608407520";
"67f1eb07-c93f-11e3-af6a-005056806bb6";"";"Поселение ""Батыбино-2"" (достопримечательное место))";"";"выявленный объект культурного наследия";"категория не устанавливается";"Объект археологии";"2608407521";
"67f1eb09-c93f-11e3-af6a-005056806bb6";"";"Поселение ""Сатино- Татарское-1"" (достопримечательное место)";"";"выявленный объект культурного наследия";"категория не устанавливается";"Объект археологии";"2608407522";
"67f1eb0d-c93f-11e3-af6a-005056806bb6";"";"Селище ""Юрово-2"" (достопримечательное место)";"";"выявленный объект культурного наследия";"категория не устанавливается";"Объект археологии";"2608407523";
"67f1eb0f-c93f-11e3-af6a-005056806bb6";"";"Поселение ""Никульское-2"" (достопримечательное место)";"";"выявленный объект культурного наследия";"категория не устанавливается";"Объект археологии";"2608407524";
"67f1eb15-c93f-11e3-af6a-005056806bb6";"772341365070006";"""Городище ""Рязаново–1"", последняя четверть I тыс. до н.э. – начало I тыс. н. э.";"";"объект культурного наследия";"федерального значения";"Объект археологии";"2608407525";
"67f1eb17-c93f-11e3-af6a-005056806bb6";"";"Каменоломни (достопримечательное место)";"";"выявленный объект культурного наследия";"категория не устанавливается";"Объект археологии";"2608407526";
"67f1eb21-c93f-11e3-af6a-005056806bb6";"";"Поселение ""Русино-3"" (достопримечательное место)";"";"выявленный объект культурного наследия";"категория не устанавливается";"Объект археологии";"2608407527";
"67f1eb27-c93f-11e3-af6a-005056806bb6";"772341375540006";"""Игнатовские курганы"", XII–XIII вв.";"";"объект культурного наследия";"федерального значения";"Объект археологии";"2608407528";
"68356a5c-d3dc-11e5-87bd-005056806bb6";"";"Селище Рязаново-1 (XIII-XIV вв.) (достопримечательное место)";"";"выявленный объект культурного наследия";"категория не устанавливается";"Объект археологии";"2608407530";
"68feef6b-32ca-11e6-b786-005056806bb6";"772341375550006";"""Курганный могильник Узкое 2"", XII–ХIII вв.";"";"объект культурного наследия";"федерального значения";"Объект археологии";"2608407531";
"6ac958d7-d576-11e5-87bd-005056806bb6";"";"Селище Сосенки 3 (XVII-XVIII в.) (достопримечательное место)";"";"выявленный объект культурного наследия";"категория не устанавливается";"Объект археологии";"2608407532";
"6dea2db3-c93f-11e3-af6a-005056806bb6";"";"Селище ""Лаптево"" (достопримечательное место)";"";"выявленный объект культурного наследия";"категория не устанавливается";"Объект археологии";"2608407533";
"6dea2dba-c93f-11e3-af6a-005056806bb6";"";"Поселение ""Ознобишино-7"" (достопримечательное место)";"";"выявленный объект культурного наследия";"категория не устанавливается";"Объект археологии";"2608407534";
"6dea2dbe-c93f-11e3-af6a-005056806bb6";"";"Поселение ""Ознобишино-10"" (достопримечательное место)";"";"выявленный объект культурного наследия";"категория не устанавливается";"Объект археологии";"2608407535";
"6dea2dc3-c93f-11e3-af6a-005056806bb6";"";"Поселение ""Батыбино-3"" (достопримечательное место)";"";"выявленный объект культурного наследия";"категория не устанавливается";"Объект археологии";"2608407536";
"6dea2dc5-c93f-11e3-af6a-005056806bb6";"";"Кнутовские курганы";"";"выявленный объект культурного наследия";"категория не устанавливается";"Объект археологии";"2608407537";
"6dea2dd2-c93f-11e3-af6a-005056806bb6";"";"Поселение ""Русино-1"" (достопримечательное место)";"";"выявленный объект культурного наследия";"категория не устанавливается";"Объект археологии";"2608407538";
"6dea2dd4-c93f-11e3-af6a-005056806bb6";"";"Поселение ""Сатино-Татарское-6"" (достопримечательное место)";"";"выявленный объект культурного наследия";"категория не устанавливается";"Объект археологии";"2608407539";
"6dea2ddd-c93f-11e3-af6a-005056806bb6";"771741200490006";"Родневское городище (летописный город Перемышль Московского княжества), XII-XVI вв. н.э";"";"объект культурного наследия";"федерального значения";"Объект археологии";"2608407540";
"6dea2de7-c93f-11e3-af6a-005056806bb6";"";"Селище ""Студенцы-2"" (достопримечательное место)";"";"выявленный объект культурного наследия";"категория не устанавливается";"Объект археологии";"2608407541";
"6dea2de9-c93f-11e3-af6a-005056806bb6";"";"Поселение ""Троицкое-4"" (достопримечательное место)";"";"выявленный объект культурного наследия";"категория не устанавливается";"Объект археологии";"2608407542";
"6dea2dee-c93f-11e3-af6a-005056806bb6";"";"Поселение ""Ознобишино-4а"" (достопримечательное место)";"";"выявленный объект культурного наследия";"категория не устанавливается";"Объект археологии";"2608407543";
"6dea2df4-c93f-11e3-af6a-005056806bb6";"";"Поселение ""Костишово-3"" (достопримечательное место)";"";"выявленный объект культурного наследия";"категория не устанавливается";"Объект археологии";"2608407544";
"6dea2df8-c93f-11e3-af6a-005056806bb6";"";"Поселение ""Остафьево-1"" (достопримечательное место)";"";"выявленный объект культурного наследия";"категория не устанавливается";"Объект археологии";"2608407545";
"6dea2dfa-c93f-11e3-af6a-005056806bb6";"";"Селище ""Троицкое"" (достопримечательное место)";"";"выявленный объект культурного наследия";"категория не устанавливается";"Объект археологии";"2608407546";
"6dea2dfc-c93f-11e3-af6a-005056806bb6";"";"Поселение ""Костишово-2"" (достопримечательное место)";"";"выявленный объект культурного наследия";"категория не устанавливается";"Объект археологии";"2608407547";
"6dea2e04-c93f-11e3-af6a-005056806bb6";"";"Поселение ""Остафьево-3"" (достопримечательное место)";"";"выявленный объект культурного наследия";"категория не устанавливается";"Объект археологии";"2608407548";
"6dea2e0d-c93f-11e3-af6a-005056806bb6";"";"Курганы ""Ознобишинские"" (курганная группа ""Ознобишино-1"")";"";"выявленный объект культурного наследия";"категория не устанавливается";"Объект археологии";"2608407549";
"6e601aa9-d676-11e6-809a-005056806bb6";"772341374860006";"""Курганный могильник Нескучный сад–1"", XI–XIII вв.";"";"объект культурного наследия";"федерального значения";"Объект археологии";"2608407550";
"712e821d-d57c-11e5-87bd-005056806bb6";"";"Селище Круча-4 (XVI-XVIII вв.) (достопримечательное место)";"";"выявленный объект культурного наследия";"категория не устанавливается";"Объект археологии";"2608407551";
"72b03010-d57d-11e5-87bd-005056806bb6";"";"Селище Круча 3 (XIV-XV вв.) (достопримечательное место)";"";"выявленный объект культурного наследия";"категория не устанавливается";"Объект археологии";"2608407552";
"7aca93a7-33d4-11e6-b786-005056806bb6";"";"Курганный могильник Ясенево 1";"";"выявленный объект культурного наследия";"категория не устанавливается";"Объект археологии";"2608407553";
"7b0dce94-1d71-11e8-9e37-005056806bb6";"";"Культурный слой ""Усадьбы Заболотье"" (достопримечательное место)";"";"выявленный объект культурного наследия";"категория не устанавливается";"Объект археологии";"2608407554";
"7fe9cda0-faf9-11e5-bb62-005056806bb6";"";"Селище, древнерусское время (13-17 вв.) (достопримечательное место)";"";"выявленный объект культурного наследия";"категория не устанавливается";"Объект археологии";"2608407555";
"80d5e2d8-56f9-11e2-965f-005056806bb6";"771440984570006";"Село Дорогомилово (место древнего поселения с зоной культурного слоя), XV-XVII вв. н.э.";"";"объект культурного наследия";"федерального значения";"Объект археологии";"2608407556";
"80d5e2e9-56f9-11e2-965f-005056806bb6";"771440981810006";"Территория культурного слоя Новоспасского монастыря, XV-XVII вв. н.э.";"";"объект культурного наследия";"федерального значения";"Объект археологии";"2608407557";
"80d5e2fc-56f9-11e2-965f-005056806bb6";"771440835270006";"Территория культурного слоя ""Синичкиной слободы"", XVII - 1-я четв. XVIII вв. н.э.";"";"объект культурного наследия";"федерального значения";"Объект археологии";"2608407558";
"80d5e336-56f9-11e2-965f-005056806bb6";"";"Территория культурного слоя ""Мельничной слободы"", XVII в. н.э. (достопримечательное место)";"";"выявленный объект культурного наследия";"категория не устанавливается";"Объект археологии";"2608407559";
"80d5e382-56f9-11e2-965f-005056806bb6";"771440981870006";"Территория культурного слоя ""Хамовной слободы"", XVII в. н.э.";"";"объект культурного наследия";"федерального значения";"Объект археологии";"2608407561";
"80d5e3b1-56f9-11e2-965f-005056806bb6";"771440835220006";"Территория культурного слоя ""Рогожской ямской слободы"", кон. XVI-XVII вв. н.э.";"";"объект культурного наследия";"федерального значения";"Объект археологии";"2608407562";
"80d5e3cd-56f9-11e2-965f-005056806bb6";"771441198540006";"""Волоколамский тракт у дер. Пенягино"", XIV–XIX вв.";"";"объект культурного наследия";"федерального значения";"Объект археологии";"2608407563";
"80d5e3cf-56f9-11e2-965f-005056806bb6";"771440984610006";"Село Преображенское (место древнего поселения с зоной культурного слоя), XVI - н. XVII вв. н.э.";"";"объект культурного наследия";"федерального значения";"Объект археологии";"2608407564";
"80d5e3d1-56f9-11e2-965f-005056806bb6";"";"Крестообразный корпус, 1779-1794 гг.";"";"выявленный объект культурного наследия";"категория не устанавливается";"Объект археологии";"2608407565";
"80d5e3e2-56f9-11e2-965f-005056806bb6";"771440677250006";"Село Крылатское (место древнего поселения с зоной культурного слоя), XV-XVII вв.";"";"объект культурного наследия";"федерального значения";"Объект археологии";"2608407566";
"80d5e3ee-56f9-11e2-965f-005056806bb6";"771440657230006";"Теплостанские курганы, XII-XIII вв. н.э.";"";"объект культурного наследия";"федерального значения";"Объект археологии";"2608407567";
"80d5e45d-56f9-11e2-965f-005056806bb6";"771740988270006";"Остатки конструкций Воскресенского моста, XVII-XVIII вв. н. э.";"";"объект культурного наследия";"федерального значения";"Объект археологии";"2608407568";
"80d5e4ee-56f9-11e2-965f-005056806bb6";"771441213080006";"Остатки Сетуньского кирпичного завода, XVII в. н.э.";"";"объект культурного наследия";"федерального значения";"Объект археологии";"2608407569";
"80d5e54a-56f9-11e2-965f-005056806bb6";"771640678500006";"Дьяковское городище";"";"объект культурного наследия";"федерального значения";"Объект археологии";"2608407570";
"8226b9cb-d57f-11e5-87bd-005056806bb6";"";"Селище Сатино-Русское4 (XIII-XVII вв.) (достопримечательное место)";"";"выявленный объект культурного наследия";"категория не устанавливается";"Объект археологии";"2608407571";
"842f0ce4-eae3-11e7-9c1f-005056806bb6";"";"Курганный могильник ""Малое Голубино-1"", XI-XIII вв.";"";"выявленный объект культурного наследия";"категория не устанавливается";"Объект археологии";"2608407572";
"85687887-d57a-11e5-87bd-005056806bb6";"";"Селище Сатино-Русское-7 (XIV-XV вв.) (достопримечательное место)";"";"выявленный объект культурного наследия";"категория не устанавливается";"Объект археологии";"2608407573";
"86dc74c8-56f9-11e2-965f-005056806bb6";"771441200360006";"""Второе Филянское селище"", VII–XII вв.";"";"объект культурного наследия";"федерального значения";"Объект археологии";"2608407574";
"86dc74d2-56f9-11e2-965f-005056806bb6";"771441198500006";"2-й Пенягинский курганный могильник, XII-XIII вв.";"";"объект культурного наследия";"федерального значения";"Объект археологии";"2608407575";
"86dc75fd-56f9-11e2-965f-005056806bb6";"";"Домик садовника, 1775-1880-е гг.";"";"выявленный объект культурного наследия";"категория не устанавливается";"Объект археологии";"2608407576";
"86dc7741-56f9-11e2-965f-005056806bb6";"771441198400006";"""1–е Митинское селище"", XII–XIII, XVI вв.";"";"объект культурного наследия";"федерального значения";"Объект археологии";"2608407577";
"86dc7746-56f9-11e2-965f-005056806bb6";"771640658110026";"""Царицынские курганы, (группы 2, 3, 4, 5, 6), XI – XIII вв. н.э."" - ""Царицынские курганы. Группа № 3"", XI–XIII вв.";"";"объект культурного наследия";"федерального значения";"Объект археологии";"2608407578";
"89652d60-1e26-11e8-9e37-005056806bb6";"";"Курганный могильник ""Долгопрудная""";"";"выявленный объект культурного наследия";"категория не устанавливается";"Объект археологии";"2608407579";
"8ce305b8-56f9-11e2-965f-005056806bb6";"771441198410006";"Трасса древнего волока, от р. Москвы до Пятницкого ш., I тыс. н.э. - XIII в.";"";"объект культурного наследия";"федерального значения";"Объект археологии";"2608407580";
"8ce305e3-56f9-11e2-965f-005056806bb6";"771440984480006";"Село Елох (Елохово) (место древнего поселения с зоной культурного слоя), XIV-XVII вв. н.э.";"";"объект культурного наследия";"федерального значения";"Объект археологии";"2608407581";
"8ce30619-56f9-11e2-965f-005056806bb6";"771440835120006";"Территория культурного слоя ""Алексеевской слободы"", XVII в. н.э.";"";"объект культурного наследия";"федерального значения";"Объект археологии";"2608407582";
"8ce3067c-56f9-11e2-965f-005056806bb6";"771441198340006";"2-е Спас-Тушинское городище, VII в. до н.э.- VI в. н.э.";"";"объект культурного наследия";"федерального значения";"Объект археологии";"2608407583";
"8ce306a0-56f9-11e2-965f-005056806bb6";"771441211620006";"Остатки укреплений ""Белого города"", 2 пол. XVI в. н.э.";"";"объект культурного наследия";"федерального значения";"Объект археологии";"2608407584";
"8ce306a2-56f9-11e2-965f-005056806bb6";"";"Территория культурного слоя ""Котельной слободы"" XVI-XVII вв. н.э. (достопримечательное место)";"";"выявленный объект культурного наследия";"категория не устанавливается";"Объект археологии";"2608407585";
"8ce306ab-56f9-11e2-965f-005056806bb6";"771440835200006";"Территория культурного слоя ""Новодевичьей слободы"", XVI-XVII вв. н.э.";"";"объект культурного наследия";"федерального значения";"Объект археологии";"2608407587";
"8ce306fb-56f9-11e2-965f-005056806bb6";"771741198570006";"""Братеевская курганная группа (24 насыпи)"", XII век";"";"объект культурного наследия";"федерального значения";"Объект археологии";"2608407588";
"8ce3074a-56f9-11e2-965f-005056806bb6";"771440835250006";"Территория культурного слоя ""Села Напрудного"", XIV-XVI вв. н.э.";"";"объект культурного наследия";"федерального значения";"Объект археологии";"2608407589";
"8ce3076d-56f9-11e2-965f-005056806bb6";"";"Грот на Глухой дорожке, XIX в.";"";"выявленный объект культурного наследия";"категория не устанавливается";"Объект археологии";"2608407590";
"8ce30777-56f9-11e2-965f-005056806bb6";"771441198490006";"1-й Пенягинский курганный могильник, XII-XIII вв.";"";"объект культурного наследия";"федерального значения";"Объект археологии";"2608407591";
"8ce30790-56f9-11e2-965f-005056806bb6";"771741198300006";"Царицынские курганы. Группа № 1, XI-XIII вв.";"";"объект культурного наследия";"федерального значения";"Объект археологии";"2608407592";
"8ce30795-56f9-11e2-965f-005056806bb6";"771440984590006";"Село Кудрино (место древнего поселения с зоной культурного слоя), XIII-XVII вв.";"";"объект культурного наследия";"федерального значения";"Объект археологии";"2608407593";
"8ce307ef-56f9-11e2-965f-005056806bb6";"771440668760006";"Село Воробьево (место древнего поселения с зоной культурного слоя), XV-XVII вв.";"";"объект культурного наследия";"федерального значения";"Объект археологии";"2608407594";
"8ce307f3-56f9-11e2-965f-005056806bb6";"771441198450006";"""5–е Спас–Тушинское селище"", XII–XIII вв.";"";"объект культурного наследия";"федерального значения";"Объект археологии";"2608407595";
"8ce3082d-56f9-11e2-965f-005056806bb6";"771440981520006";"Территория культурного слоя ""Огородной слободы"", XVII в. н.э.";"";"объект культурного наследия";"федерального значения";"Объект археологии";"2608407596";
"8ce308b3-56f9-11e2-965f-005056806bb6";"771440981840006";"Территория культурного слоя ""Троицкой слободы"", XVII в. н.э.";"";"объект культурного наследия";"федерального значения";"Объект археологии";"2608407597";
"8ce308e6-56f9-11e2-965f-005056806bb6";"771440678520006";"Курганная группа, XII-XIV вв.";"";"объект культурного наследия";"федерального значения";"Объект археологии";"2608407598";
"8d27bffe-3eb3-11e7-a3bd-005056806bb6";"";"Селище Староникольское 1";"";"выявленный объект культурного наследия";"категория не устанавливается";"Объект археологии";"2608407599";
"8f38e7d8-faf8-11e5-bb62-005056806bb6";"";"Селище Потапово 1 (достопримечательное место)";"";"выявленный объект культурного наследия";"категория не устанавливается";"Объект археологии";"2608407600";
"93194634-56f9-11e2-965f-005056806bb6";"771441198360006";"3-е Митинское селище, XIII-XV вв.";"";"объект культурного наследия";"федерального значения";"Объект археологии";"2608407601";
"9319467e-56f9-11e2-965f-005056806bb6";"771440988200006";"""Городище ""Андроньево"", XIV–XVII вв. н.э.""";"";"объект культурного наследия";"федерального значения";"Объект археологии";"2608407602";
"931946d5-56f9-11e2-965f-005056806bb6";"771441198430006";"Спас-Тушинское Дьяковское селище на р.Барышихе, I тыс. до н.э.- I тыс. н.э.";"";"объект культурного наследия";"федерального значения";"Объект археологии";"2608407603";
"9319471d-56f9-11e2-965f-005056806bb6";"";"Территория культурного слоя ""Селища в Нескучном саду"", XII-XIV вв. н.э. (достопримечательное место)";"";"выявленный объект культурного наследия";"категория не устанавливается";"Объект археологии";"2608407605";
"93194755-56f9-11e2-965f-005056806bb6";"771440981630006";"Территория культурного слоя ""Толмацкой слободы"", XVII в. н.э.";"";"объект культурного наследия";"федерального значения";"Объект археологии";"2608407606";
"93194780-56f9-11e2-965f-005056806bb6";"771441198330006";"Пенягинское селище, I тыс. до н.э.- I тыс. н.э.";"";"объект культурного наследия";"федерального значения";"Объект археологии";"2608407607";
"9319478b-56f9-11e2-965f-005056806bb6";"771440677900006";"""Аминьевское селище"", XIV–XVII вв.";"";"объект культурного наследия";"федерального значения";"Объект археологии";"2608407608";
"931947ee-56f9-11e2-965f-005056806bb6";"771440981610006";"Территория культурного слоя ""Серебрянической слободы"", XVI-XVII вв. н.э.";"";"объект культурного наследия";"федерального значения";"Объект археологии";"2608407609";
"9319487e-56f9-11e2-965f-005056806bb6";"771441212600006";"Остатки конструкций Измайловского стекольного завода, 1-я пол. XVIII в. н.э.";"";"объект культурного наследия";"федерального значения";"Объект археологии";"2608407610";
"931948b5-56f9-11e2-965f-005056806bb6";"771640635720006";"""1–й Коньковский курганный могильник, XII–XIII вв. н.э.""";"";"объект культурного наследия";"федерального значения";"Объект археологии";"2608407611";
"931948d1-56f9-11e2-965f-005056806bb6";"771640635730006";"2-й Коньковский курганный могильник";"";"объект культурного наследия";"федерального значения";"Объект археологии";"2608407612";
"93194965-56f9-11e2-965f-005056806bb6";"771441198580006";"Курганы, XII-XIII вв. н.э.";"";"объект культурного наследия";"федерального значения";"Объект археологии";"2608407613";
"93194986-56f9-11e2-965f-005056806bb6";"771440984620006";"Село Воронцово (место древнего поселения), XIV-XVII вв.";"";"объект культурного наследия";"федерального значения";"Объект археологии";"2608407614";
"931949ad-56f9-11e2-965f-005056806bb6";"771440981430006";"Территория культурного слоя ""Звонарской слободы"", XVII в. н.э.";"";"объект культурного наследия";"федерального значения";"Объект археологии";"2608407615";
"960c8b01-d578-11e5-87bd-005056806bb6";"";"Селище Шарапово 1 (XVII-XVIII вв.) (достопримечательное место)";"";"выявленный объект культурного наследия";"категория не устанавливается";"Объект археологии";"2608407616";
"963dbc9a-c290-11e6-b401-005056806bb6";"";"Селище Барыши 1 (достопримечательное место)";"";"выявленный объект культурного наследия";"категория не устанавливается";"Объект археологии";"2608407617";
"9975acef-56f9-11e2-965f-005056806bb6";"771640756870006";"Селище 1-ое у Ленинских гор (нижнее)";"";"объект культурного наследия";"федерального значения";"Объект археологии";"2608407618";
"9975ad23-56f9-11e2-965f-005056806bb6";"";"Территория культурного слоя ""Старой Кузнецкой слободы"", XV-XVI вв. н.э. (достопримечательное место)";"";"выявленный объект культурного наследия";"категория не устанавливается";"Объект археологии";"2608407619";
"9975ad46-56f9-11e2-965f-005056806bb6";"771440677260006";"Село Всехсвятское (место древнего поселения с зоной культурного слоя), XV-XVIII вв.";"";"объект культурного наследия";"федерального значения";"Объект археологии";"2608407620";
"9975ad8f-56f9-11e2-965f-005056806bb6";"771441200390006";"""Алешкинское селище"", раннежелезный век I–III вв. н.э., средневековье, XII–XVII вв.";"";"объект культурного наследия";"федерального значения";"Объект археологии";"2608407621";
"9975adb5-56f9-11e2-965f-005056806bb6";"";"Территория культурного слоя ""Кошельной слободы"" (достопримечательное место)";"";"выявленный объект культурного наследия";"категория не устанавливается";"Объект археологии";"2608407622";
"9975adf3-56f9-11e2-965f-005056806bb6";"";"Территория культурного слоя ""Каменщиковой слободы"" XVI-XVII вв. н.э. (достопримечательное место)";"";"выявленный объект культурного наследия";"категория не устанавливается";"Объект археологии";"2608407623";
"9975ae48-56f9-11e2-965f-005056806bb6";"771440981540006";"Территория культурного слоя ""Печатной слободы"", XVI-XVII вв. н.э.";"";"объект культурного наследия";"федерального значения";"Объект археологии";"2608407624";
"9975ae7c-56f9-11e2-965f-005056806bb6";"771740981530006";"Территория культурного слоя ""Бронной слободы"", XV-XVII вв. н.э.";"";"объект культурного наследия";"федерального значения";"Объект археологии";"2608407625";
"9975aeeb-56f9-11e2-965f-005056806bb6";"771440981240006";"Территория культурного слоя ""Гранатного двора"", XVII в. н.э.";"";"объект культурного наследия";"федерального значения";"Объект археологии";"2608407626";
"9975af24-56f9-11e2-965f-005056806bb6";"771440677230006";"Селище Троицкое-Голенищево (место древного поселения с зоной культурного слоя), XV-XVII вв.";"";"объект культурного наследия";"федерального значения";"Объект археологии";"2608407627";
"9975af27-56f9-11e2-965f-005056806bb6";"771441198550006";"Ореховские курганы, XI-XIII вв. н.э.";"";"объект культурного наследия";"федерального значения";"Объект археологии";"2608407628";
"9975af44-56f9-11e2-965f-005056806bb6";"";"Территория культурного слоя ""Симоновой слободы"" XIV-XVII вв. н.э. (достопримечательное место)";"";"выявленный объект культурного наследия";"категория не устанавливается";"Объект археологии";"2608407629";
"9ae14b03-32ef-11e6-b786-005056806bb6";"";"Курганный могильник Узкое 5";"";"выявленный объект культурного наследия";"категория не устанавливается";"Объект археологии";"2608407630";
"9bac53a5-d572-11e5-87bd-005056806bb6";"";"Селище Сатино-Русское-3 (XIII-XIV вв.) (достопримечательное место)";"";"выявленный объект культурного наследия";"категория не устанавливается";"Объект археологии";"2608407631";
"9beb234d-d64b-11e5-87bd-005056806bb6";"";"Селище Сатино-Татарское 2 (XIII-XVIII вв.) (достопримечательное место)";"";"выявленный объект культурного наследия";"категория не устанавливается";"Объект археологии";"2608407632";
"9fbc9de0-56f9-11e2-965f-005056806bb6";"771440981420006";"Территория культурного слоя ""Иконной слободы"", XVII в. н.э.";"";"объект культурного наследия";"федерального значения";"Объект археологии";"2608407633";
"9fbc9e06-56f9-11e2-965f-005056806bb6";"771441198420006";"2-е Спас-Тушинское селище, XII-XVI вв.";"";"объект культурного наследия";"федерального значения";"Объект археологии";"2608407635";
"9fbc9e2e-56f9-11e2-965f-005056806bb6";"";"Территория культурного слоя ""Села Хвостово"" XIV-XVII вв. н.э. (достопримечательное место)";"";"выявленный объект культурного наследия";"категория не устанавливается";"Объект археологии";"2608407636";
"9fbc9e52-56f9-11e2-965f-005056806bb6";"771640658110036";"""Царицынские курганы, (группы 2, 3, 4, 5, 6), XI – XIII вв. н.э."" - ""Царицынские курганы. Группа № 4"", XI–XIII вв.";"";"объект культурного наследия";"федерального значения";"Объект археологии";"2608407637";
"9fbc9ef8-56f9-11e2-965f-005056806bb6";"";"Территория культурного слоя ""Стрелецкой слободы в ""Сухареве"", XVII в. н.э. (достопримечательное место)";"";"выявленный объект культурного наследия";"категория не устанавливается";"Объект археологии";"2608407638";
"9fbc9f1f-56f9-11e2-965f-005056806bb6";"771440981490006";"Территория культурного слоя ""Басманной слободы"", XVI-XVII вв. н.э. (достопримечательное место)";"";"объект культурного наследия";"федерального значения";"Объект археологии";"2608407639";
"9fbc9f38-56f9-11e2-965f-005056806bb6";"";"Территория культурного слоя ""Гончарной слободы"", XV-XVIII вв. н.э. (достопримечательное место)";"";"выявленный объект культурного наследия";"категория не устанавливается";"Объект археологии";"2608407640";
"9fbc9f4a-56f9-11e2-965f-005056806bb6";"";"Территория культурного слоя ""Капитанской слободы"", XVII-XVIII вв. н.э. (достопримечательное место)";"";"выявленный объект культурного наследия";"категория не устанавливается";"Объект археологии";"2608407641";
"9fbc9f4d-56f9-11e2-965f-005056806bb6";"";"Территория культурного слоя ""Мясницкой слободы"" XVI-XVIII вв. н.э. (достопримечательное место)";"";"выявленный объект культурного наследия";"категория не устанавливается";"Объект археологии";"2608407642";
"9fbc9f86-56f9-11e2-965f-005056806bb6";"";"Шестигранный корпус, 1779-1794 гг.";"";"выявленный объект культурного наследия";"категория не устанавливается";"Объект археологии";"2608407643";
"9fbc9f9c-56f9-11e2-965f-005056806bb6";"771441198370006";"""1–й Митинский курганный могильник ""Великая могила"", XII–XIII вв.";"";"объект культурного наследия";"федерального значения";"Объект археологии";"2608407644";
"9fbc9fa2-56f9-11e2-965f-005056806bb6";"771440984520006";"Село Ваганьково (место древнего поселения с зоной культурного слоя), XV-XVII вв.";"";"объект культурного наследия";"федерального значения";"Объект археологии";"2608407645";
"9fbc9fcf-56f9-11e2-965f-005056806bb6";"";"Территория культурного слоя Новодевичьего монастыря, 1524-1525 гг. (достопримечательное место)";"";"выявленный объект культурного наследия";"категория не устанавливается";"Объект археологии";"2608407646";
"a1d1ed89-d571-11e5-87bd-005056806bb6";"";"Селище Спас-Купля 1 (XIII-XVIII вв.) (достопримечательное место)";"";"выявленный объект культурного наследия";"категория не устанавливается";"Объект археологии";"2608407647";
"a5e95458-56f9-11e2-965f-005056806bb6";"";"Территория культурного слоя ""Страстного монастыря"", XVII в. н.э. (достопримечательное место)";"";"выявленный объект культурного наследия";"категория не устанавливается";"Объект археологии";"2608407648";
"a5e954b3-56f9-11e2-965f-005056806bb6";"771440981620006";"Территория культурного слоя ""Татарской слободы"", XIV-XVII вв. н.э.";"";"объект культурного наследия";"федерального значения";"Объект археологии";"2608407649";
"a5e954e2-56f9-11e2-965f-005056806bb6";"771741200440006";"""Братеевское селище"", XII век";"";"объект культурного наследия";"федерального значения";"Объект археологии";"2608407650";
"a5e954f4-56f9-11e2-965f-005056806bb6";"";"Территория культурного слоя ""Крымский двор"" XVI-XVII вв. н.э. (достопримечательное место)";"";"выявленный объект культурного наследия";"категория не устанавливается";"Объект археологии";"2608407651";
"a5e9555f-56f9-11e2-965f-005056806bb6";"771440835210006";"Территория культурного слоя ""Переяславской слободы"", XVII в. н.э.";"";"объект культурного наследия";"федерального значения";"Объект археологии";"2608407652";
"a5e9559c-56f9-11e2-965f-005056806bb6";"771441198310006";"Спас-Тушинский Фатьяновский могильник, II тыс. до н.э.";"";"объект культурного наследия";"федерального значения";"Объект археологии";"2608407653";
"a5e955af-56f9-11e2-965f-005056806bb6";"771640658110016";"""Царицынские курганы, (группы 2, 3, 4, 5, 6), XI – XIII вв. н.э."" - ""Царицынские курганы. Группа № 2"", XI–XIII вв.";"";"объект культурного наследия";"федерального значения";"Объект археологии";"2608407654";
"a5e955cf-56f9-11e2-965f-005056806bb6";"771440981580006";"Территория культурного слоя ""Пушкарской слободы"", XVII в.";"";"объект культурного наследия";"федерального значения";"Объект археологии";"2608407655";
"a5e95647-56f9-11e2-965f-005056806bb6";"771440981510006";"Территория культурного слоя ""Бережковской слободы"", XVI-XVII вв. н.э.";"";"объект культурного наследия";"федерального значения";"Объект археологии";"2608407656";
"a5e95654-56f9-11e2-965f-005056806bb6";"771440981820006";"Территория культурного слоя ""Кузнецкой новой слободы"", XVII в. н.э.";"";"объект культурного наследия";"федерального значения";"Объект археологии";"2608407657";
"a5e956a7-56f9-11e2-965f-005056806bb6";"771741198590016";"Село Спас, XVI-XIX вв. - ""1–е Спас–Тушинское селище"", XIV–XVII вв.";"";"объект культурного наследия";"федерального значения";"Объект археологии";"2608407658";
"a5e956b6-56f9-11e2-965f-005056806bb6";"771440981800006";"Территория культурного слоя ""Конюшенной слободы"", XVI-XVII вв. н.э.";"";"объект культурного наследия";"федерального значения";"Объект археологии";"2608407659";
"a64e122b-d3ea-11e5-87bd-005056806bb6";"";"Селище Юрово 2 (XV-XVI вв.) (достопримечательное место)";"";"выявленный объект культурного наследия";"категория не устанавливается";"Объект археологии";"2608407660";
"a93cc46e-e496-11e7-9c1f-005056806bb6";"";"Селище ""Троицк 3"" (село Богородское)"" (достопримечательное место)";"";"выявленный объект культурного наследия";"категория не устанавливается";"Объект археологии";"2608407661";
"abed837e-56f9-11e2-965f-005056806bb6";"771441196460006";"Культурный слой ""Земляного города"", (Скородома), XVI-XVII вв. н.э.";"";"объект культурного наследия";"федерального значения";"Объект археологии";"2608407662";
"abed83a1-56f9-11e2-965f-005056806bb6";"771440835080006";"Территория культурного слоя ""Греческой слободы"", XVII в. н.э.";"";"объект культурного наследия";"федерального значения";"Объект археологии";"2608407663";
"abed83fb-56f9-11e2-965f-005056806bb6";"";"Территория культурного слоя ""Обыденское городище"", XI-XIII вв. н.э. (достопримечательное место)";"";"выявленный объект культурного наследия";"категория не устанавливается";"Объект археологии";"2608407665";
"abed83fd-56f9-11e2-965f-005056806bb6";"771440981440006";"Территория культурного слоя ""Слободы Монетчики"", XVII в. н.э.";"";"объект культурного наследия";"федерального значения";"Объект археологии";"2608407666";
"abed8415-56f9-11e2-965f-005056806bb6";"771440835260006";"Территория культурного слоя ""Семеновской слободы"", XVII-XVIII вв. н.э.";"";"объект культурного наследия";"федерального значения";"Объект археологии";"2608407667";
"abed84aa-56f9-11e2-965f-005056806bb6";"771441198390006";"""3–й Спас–Тушинский курганный могильник"", XII–XIII вв.";"";"объект культурного наследия";"федерального значения";"Объект археологии";"2608407668";
"abed8519-56f9-11e2-965f-005056806bb6";"771440981750006";"Территория культурного слоя ""Кадашевской слободы"", XVII в. н.э.";"";"объект культурного наследия";"федерального значения";"Объект археологии";"2608407669";
"abed8524-56f9-11e2-965f-005056806bb6";"771441198480006";"""1–е Пенягинское селище"", XII–XIII вв.";"";"объект культурного наследия";"федерального значения";"Объект археологии";"2608407670";
"abed8540-56f9-11e2-965f-005056806bb6";"771441200480006";"Сетуньское городище I-III вв.";"";"объект культурного наследия";"федерального значения";"Объект археологии";"2608407672";
"abed857a-56f9-11e2-965f-005056806bb6";"771440984540006";"Село Подкопаево (место древнего поселения), XV-XVII вв. н.э.";"";"объект культурного наследия";"федерального значения";"Объект археологии";"2608407673";
"abed8590-56f9-11e2-965f-005056806bb6";"771741198560006";"""1–й и 2–й Спас–Тушинские курганы–могильники"", XII–XIII вв.";"";"объект культурного наследия";"федерального значения";"Объект археологии";"2608407674";
"abed85ea-56f9-11e2-965f-005056806bb6";"";"Территория культурного слоя ""Денежной слободы"" XVI-XVII вв. н.э. (достопримечательное место)";"";"выявленный объект культурного наследия";"категория не устанавливается";"Объект археологии";"2608623715";
"ac817f20-c7ea-11e8-a167-005056806bb6";"";"Селище ""Соколиная гора 1"" (достопримечательное место)";"";"выявленный объект культурного наследия";"категория не устанавливается";"Объект археологии";"2608623716";
"af18f98f-e4af-11e7-9c1f-005056806bb6";"";"Селище ""Ботаково 1"" (достопримечательное место)";"";"выявленный объект культурного наследия";"категория не устанавливается";"Объект археологии";"2608623717";
"af594ba5-d569-11e5-87bd-005056806bb6";"";"Селище Дмитрово 1 (XVI-XVII вв.) (достопримечательное место)";"";"выявленный объект культурного наследия";"категория не устанавливается";"Объект археологии";"2608623718";
"b19510bc-8e56-11e7-9b3e-005056806bb6";"772241374680006";"""Курганный могильник ""Лосиный остров–2"", XI–XIII вв.";"";"объект культурного наследия";"федерального значения";"Объект археологии";"2608623719";
"b1c82526-7b80-11e7-8ad1-005056806bb6";"";"Селище ""Кузовлево 2"" (достопримечательное место)";"";"выявленный объект культурного наследия";"категория не устанавливается";"Объект археологии";"2608623720";
"b249eb05-56f9-11e2-965f-005056806bb6";"";"Территория культурного слоя ""Солодяники слободы"" XV-XVI вв. н.э. (достопримечательное место)";"";"выявленный объект культурного наследия";"категория не устанавливается";"Объект археологии";"2608623721";
"b249eb29-56f9-11e2-965f-005056806bb6";"771441198530006";"""4–е Спас–Тушинское селище"", XII–XIII вв.";"";"объект культурного наследия";"федерального значения";"Объект археологии";"2608623722";
"b249eb5c-56f9-11e2-965f-005056806bb6";"771441198510006";"""3–е Спас–Тушинское селище"", XII–XIII вв.";"";"объект культурного наследия";"федерального значения";"Объект археологии";"2608623724";
"b249ec0f-56f9-11e2-965f-005056806bb6";"771441196450006";"Поселение домонгольского периода на 1-м Спас-Тушинском городище, XI-XIII вв.";"";"объект культурного наследия";"федерального значения";"Объект археологии";"2608623725";
"b580db07-d4ae-11e5-87bd-005056806bb6";"";"Селище Романцево 1 (XV-XVI вв.) (достопримечательное место)";"";"выявленный объект культурного наследия";"категория не устанавливается";"Объект археологии";"2608623726";
"b58e48fe-123c-11e8-9c1f-005056806bb6";"";"Сад при Государевом дворе, северная часть (достопримечательное место)";"";"выявленный объект культурного наследия";"категория не устанавливается";"Объект археологии";"2608623727";
"b6074eaa-3eb8-11e7-a3bd-005056806bb6";"";"Селище ""Горнево 1"" (достопримечательное место)";"";"выявленный объект культурного наследия";"категория не устанавливается";"Объект археологии";"2608623729";
"b76a0c98-1e2c-11e8-9e37-005056806bb6";"";"Культурный слой села Дьяково с некрополем у церкви Усекновения главы Иоанна Предтечи (достопримечательное место)";"";"выявленный объект культурного наследия";"категория не устанавливается";"Объект археологии";"2608623731";
"b8e6af5a-56f9-11e2-965f-005056806bb6";"771440981410006";"Территория культурного слоя Рождественского монастыря, XIV-XVII вв. н.э.";"";"объект культурного наследия";"федерального значения";"Объект археологии";"2608623732";
"b8e6af5c-56f9-11e2-965f-005056806bb6";"771440655730006";"Территория культурного слоя ""Села Калитниково"", XV-XVI вв. н.э.";"";"объект культурного наследия";"федерального значения";"Объект археологии";"2608623733";
"b8e6af89-56f9-11e2-965f-005056806bb6";"771741214710016";"Дер. Пенягино. XVI-XIX вв. - ""2–е Пенягинское селище"", XV–XVII вв.";"";"объект культурного наследия";"федерального значения";"Объект археологии";"2608623734";
"b8e6afd3-56f9-11e2-965f-005056806bb6";"771440981650006";"Территория культурного слоя и подземные конструкции ""Кузнецкого моста"", XVI-XVIII вв. н.э.""";"";"объект культурного наследия";"федерального значения";"Объект археологии";"2608623735";
"b8e6b03b-56f9-11e2-965f-005056806bb6";"771440981640006";"Территория культурного слоя ""Крутицкого подворья"", XIII-XVII вв. н.э.";"";"объект культурного наследия";"федерального значения";"Объект археологии";"2608623737";
"b8e6b074-56f9-11e2-965f-005056806bb6";"771440981730006";"Территория культурного слоя ""Ильинской слободы"", XVI в. н.э.";"";"объект культурного наследия";"федерального значения";"Объект археологии";"2608623738";
"b8e6b092-56f9-11e2-965f-005056806bb6";"771440835240006";"Территория культурного слоя ""Садовничьей слободы"", XVII в. н.э.";"";"объект культурного наследия";"федерального значения";"Объект археологии";"2608623739";
"b8e6b097-56f9-11e2-965f-005056806bb6";"771440678480006";"""Городище Капотня"", кон. 1–го тысячелетия до н.э. – нач. 1–го тысячелетия н.э., XII–XIII вв.";"";"объект культурного наследия";"федерального значения";"Объект археологии";"2608623740";
"b8e6b0fc-56f9-11e2-965f-005056806bb6";"771441198350006";"""6–е Спас–Тушинское селище"", XII–XIII вв.";"";"объект культурного наследия";"федерального значения";"Объект археологии";"2608623741";
"be5b9a06-e495-11e7-9c1f-005056806bb6";"";"Селище ""Троицк 2"" (достопримечательное место)";"";"выявленный объект культурного наследия";"категория не устанавливается";"Объект археологии";"2608623742";
"bf0aa968-d576-11e5-87bd-005056806bb6";"";"Селище Сосенки 1 (XIV-XVIII вв.) (достопримечательное место)";"";"выявленный объект культурного наследия";"категория не устанавливается";"Объект археологии";"2608623743";
"bf21b4dd-56f9-11e2-965f-005056806bb6";"771440678490006";"Деревлевские курганы, XI-XIII вв. н.э.";"";"объект культурного наследия";"федерального значения";"Объект археологии";"2608623744";
"bf21b54d-56f9-11e2-965f-005056806bb6";"771440981460006";"Территория культурного слоя ""Слободы Наливки"", XVI в. н.э.";"";"объект культурного наследия";"федерального значения";"Объект археологии";"2608623745";
"bf21b589-56f9-11e2-965f-005056806bb6";"";"Территория культурного слоя ""Панкратьевской слободы"", XVI-XVII вв. н.э. (достопримечательное место)";"";"выявленный объект культурного наследия";"категория не устанавливается";"Объект археологии";"2608623746";
"bf21b5ed-56f9-11e2-965f-005056806bb6";"771441200250006";"Культурный слой ""Белого города"", XIV-XVII вв. н.э.";"";"объект культурного наследия";"федерального значения";"Объект археологии";"2608623747";
"bf21b657-56f9-11e2-965f-005056806bb6";"771640658110046";"""Царицынские курганы, (группы 2, 3, 4, 5, 6), XI – XIII вв. н.э."" - ""Царицынские курганы. Группа № 5"", XI–XIII вв.";"";"объект культурного наследия";"федерального значения";"Объект археологии";"2608623748";
"bf2f7ee0-d4ac-11e5-87bd-005056806bb6";"";"Селище Батыбино 4 (XVI-XVIII вв.) (достопримечательное место)";"";"выявленный объект культурного наследия";"категория не устанавливается";"Объект археологии";"2608623749";
"c5a90583-56f9-11e2-965f-005056806bb6";"771441198440006";"""1–е Спас–Тушинское городище"", VII в. до н.э. – VI в. н.э.";"";"объект культурного наследия";"федерального значения";"Объект археологии";"2608623750";
"c5a905e0-56f9-11e2-965f-005056806bb6";"771440835140006";"Территория культурного слоя ""Воротниковской новой слободы"", 2-я пол. XVII в. н.э.";"";"объект культурного наследия";"федерального значения";"Объект археологии";"2608623751";
"c5a9063f-56f9-11e2-965f-005056806bb6";"";"Территория культурного слоя ""Село Колычево"", XV-XVII вв. н.э. (достопримечательное место)";"";"выявленный объект культурного наследия";"категория не устанавливается";"Объект археологии";"2608623752";
"c5a90669-56f9-11e2-965f-005056806bb6";"771440981590006";"Территория культурного слоя ""Садовнических слобод"", XVI-XVII вв. н.э.";"";"объект культурного наследия";"федерального значения";"Объект археологии";"2608623753";
"c5a90698-56f9-11e2-965f-005056806bb6";"771440835190006";"Территория культурного слоя ""Новинской слободы"", XVII в. н.э.";"";"объект культурного наследия";"федерального значения";"Объект археологии";"2608623754";
"c6ea2b5c-e494-11e7-9c1f-005056806bb6";"";"Селище ""Троицк 1"" (село Троицкое) (достопримечательное место)";"";"выявленный объект культурного наследия";"категория не устанавливается";"Объект археологии";"2608623755";
"c93d4d12-6e38-11e7-8ad1-005056806bb6";"";"Селище ""Кузовлево 1"" (достопримечательное место)";"";"выявленный объект культурного наследия";"категория не устанавливается";"Объект археологии";"2608623756";
"cbe67224-123d-11e8-9c1f-005056806bb6";"";"Культурный слой Государева двора (достопримечательное место)";"";"выявленный объект культурного наследия";"категория не устанавливается";"Объект археологии";"2608623757";
"cbfe4400-56f9-11e2-965f-005056806bb6";"771440678510006";"Кунцевское городище, ранний железный век";"";"объект культурного наследия";"федерального значения";"Объект археологии";"2608623758";
"cbfe443a-56f9-11e2-965f-005056806bb6";"771440984580006";"Красное село (место древнего поселения с зоной культурного слоя), XV-XVII вв.";"";"объект культурного наследия";"федерального значения";"Объект археологии";"2608623759";
"cbfe443c-56f9-11e2-965f-005056806bb6";"";"Территория культурного слоя ""Новоспасской слободы"", XVII-XVIII вв. н.э. (достопримечательное место)";"";"выявленный объект культурного наследия";"категория не устанавливается";"Объект археологии";"2608623760";
"cbfe4449-56f9-11e2-965f-005056806bb6";"771440981710006";"Территория культурного слоя Донского монастыря, кон. XVI-XIX вв. н.э.";"";"объект культурного наследия";"федерального значения";"Объект археологии";"2608623761";
"cbfe444b-56f9-11e2-965f-005056806bb6";"771640658110056";"""Царицынские курганы, (группы 2, 3, 4, 5, 6), XI – XIII вв. н.э."" - ""Царицынские курганы. Группа № 6"", XI–XIII вв.";"";"объект культурного наследия";"федерального значения";"Объект археологии";"2608623762";
"cbfe449e-56f9-11e2-965f-005056806bb6";"";"Территория культурного слоя ""Оружейной слободы"", XVII в. н.э. (достопримечательное место)";"";"выявленный объект культурного наследия";"категория не устанавливается";"Объект археологии";"2608623763";
"cbfe44cf-56f9-11e2-965f-005056806bb6";"771441198460006";"Спасский на Всходне монастырь, XIV-XVI вв.";"";"объект культурного наследия";"федерального значения";"Объект археологии";"2608623764";
"cc5ba352-1d6c-11e8-9e37-005056806bb6";"";"Культурный слой села Коломенское (достопримечательное место)";"";"выявленный объект культурного наследия";"категория не устанавливается";"Объект археологии";"2608623765";
"cd64129c-cbb6-11e7-9b3e-005056806bb6";"";"Культурный слой в границах города Москвы XVIII в. (Камер-Коллежского вала) (достопримечательное место)";"";"выявленный объект культурного наследия";"категория не устанавливается";"Объект археологии";"2608623767";
"cd7d87ad-33de-11e6-b786-005056806bb6";"772341374840006";"""Курганный могильник Зюзино 6"", XII–XIII вв.";"";"объект культурного наследия";"федерального значения";"Объект археологии";"2608623768";
"d0e2fc8b-d4ad-11e5-87bd-005056806bb6";"";"Селище Алхимово 1 (XII-XIV вв.) (достопримечательное место)";"";"выявленный объект культурного наследия";"категория не устанавливается";"Объект археологии";"2608623769";
"d25d0d23-56f9-11e2-965f-005056806bb6";"771440835160006";"Территория культурного слоя ""Донской слободы"", XVII в. н.э.";"";"объект культурного наследия";"федерального значения";"Объект археологии";"2608623770";
"d25d0d5e-56f9-11e2-965f-005056806bb6";"771440981660006";"Территория культурного слоя Даниловского монастыря, XIII-XX вв. н.э.";"";"объект культурного наследия";"федерального значения";"Объект археологии";"2608623772";
"d25d0d99-56f9-11e2-965f-005056806bb6";"771741214710036";"Дер. Пенягино. XVI-XIX вв. - ""Пруд–копань южный"", XV–XIX вв.";"";"объект культурного наследия";"федерального значения";"Объект археологии";"2608623773";
"d25d0d9c-56f9-11e2-965f-005056806bb6";"771441198520006";"""4–е Митинское селище"", XII–XVI вв.";"";"объект культурного наследия";"федерального значения";"Объект археологии";"2608623774";
"d5a8e983-a184-11e6-b401-005056806bb6";"";"Селище ""Мосрентген. Троицкое"" (достопримечательное место)";"";"выявленный объект культурного наследия";"категория не устанавливается";"Объект археологии";"2608623777";
"d6b9fd25-d64f-11e5-87bd-005056806bb6";"";"Селище Сатино-Русское-5 (XIII-XVI вв.) (достопримечательное место)";"";"выявленный объект культурного наследия";"категория не устанавливается";"Объект археологии";"2608623778";
"d851d316-e498-11e7-9c1f-005056806bb6";"";"Селище ""Троицк 4"" (достопримечательное место)";"";"выявленный объект культурного наследия";"категория не устанавливается";"Объект археологии";"2608623779";
"d8bfa5c0-d575-11e5-87bd-005056806bb6";"";"Селище Сатино-Татарское 3 (XIV, XVII-XVIII вв.) (достопримечательное место)";"";"выявленный объект культурного наследия";"категория не устанавливается";"Объект археологии";"2608623780";
"d8ce04a7-a672-11e6-b401-005056806bb6";"";"Селище ""Мосрентген. Дудкино"" (достопримечательное место)";"";"выявленный объект культурного наследия";"категория не устанавливается";"Объект археологии";"2608623781";
"d90ce4f9-56f9-11e2-965f-005056806bb6";"";"Земляная пирамида, XVII-XVIII вв.";"";"выявленный объект культурного наследия";"категория не устанавливается";"Объект археологии";"2608623782";
"d90ce4fc-56f9-11e2-965f-005056806bb6";"771741214710026";"Дер. Пенягино. XVI-XIX вв. - ""Пруд–копань северный"", XV–XIX вв.";"";"объект культурного наследия";"федерального значения";"Объект археологии";"2608623783";
"d90ce525-56f9-11e2-965f-005056806bb6";"771440835150006";"Территория культурного слоя ""Даниловской слободы"", XVI-XVII вв. н.э.";"";"объект культурного наследия";"федерального значения";"Объект археологии";"2608623784";
"d90ce55e-56f9-11e2-965f-005056806bb6";"";"Водосток, XVIII в.";"";"выявленный объект культурного наследия";"категория не устанавливается";"Объект археологии";"2608623785";
"d90ce5aa-56f9-11e2-965f-005056806bb6";"771740835280006";"Территория культурного слоя ""Тверской-Ямской слободы"", кон. XVI- нач. XVIII вв. н.э.";"";"объект культурного наследия";"федерального значения";"Объект археологии";"2608623788";
"da899e57-44b1-11e8-ac6f-005056806bb6";"";"Селище Красная Пахра (достопримечательное место)";"";"выявленный объект культурного наследия";"категория не устанавливается";"Объект археологии";"2608623791";
"db54eb7a-d577-11e5-87bd-005056806bb6";"";"Селище Русино 5 (XV-XVI вв.) (достопримечательное место)";"";"выявленный объект культурного наследия";"категория не устанавливается";"Объект археологии";"2608623792";
"de7cf72e-d3e1-11e5-87bd-005056806bb6";"";"Селище Сатино-Татарское 1В (XIII-XV вв.) (достопримечательное место)";"";"выявленный объект культурного наследия";"категория не устанавливается";"Объект археологии";"2608623793";
"df09ecdf-56f9-11e2-965f-005056806bb6";"771741198590026";"Село Спас, XVI-XIX вв. - ""Пруд–копань"", XVI–XVII вв.";"";"объект культурного наследия";"федерального значения";"Объект археологии";"2608623794";
"df09ed96-56f9-11e2-965f-005056806bb6";"771440981230006";"Территория культурного слоя ""Воротниковской старой слободы"", XVII в. н.э.";"";"объект культурного наследия";"федерального значения";"Объект археологии";"2608623797";
"df09edaa-56f9-11e2-965f-005056806bb6";"771440984640006";"Село Сущево (место древнего поселения с зоной культурного слоя), XV-XVII вв. н.э.";"";"объект культурного наследия";"федерального значения";"Объект археологии";"2608623798";
"df09edb7-56f9-11e2-965f-005056806bb6";"";"Территория культурного слоя ""Спасской слободы"", XVII в. н.э. (достопримечательное место)";"";"выявленный объект культурного наследия";"категория не устанавливается";"Объект археологии";"2608623799";
"df09edb9-56f9-11e2-965f-005056806bb6";"771440981770006";"Территория культурного слоя ""Казачьей слободы"", XVII в. н.э.";"";"объект культурного наследия";"федерального значения";"Объект археологии";"2608623800";
"df09ee61-56f9-11e2-965f-005056806bb6";"771440984630006";"Село Свиблово (место древнего поселения с зоной культурного слоя), XVI-XVIII вв.";"";"объект культурного наследия";"федерального значения";"Объект археологии";"2608623802";
"df09ee62-56f9-11e2-965f-005056806bb6";"771441199660006";"Селище Каменная плотина (зона культурного слоя), XV-XVII вв.";"";"объект культурного наследия";"федерального значения";"Объект археологии";"2608623803";
"e096b9bb-33d6-11e6-b786-005056806bb6";"772241362580006";"""Курганный могильник Ясенево 2"", XII-XIII вв.";"";"объект культурного наследия";"федерального значения";"Объект археологии";"2608623804";
"e10b2482-ee0c-11e6-809a-005056806bb6";"772341379760006";"""Курганный могильник Давыдково"", XI-XIII вв.";"";"объект культурного наследия";"федерального значения";"Объект археологии";"2608623805";
"e3ea2002-d572-11e5-87bd-005056806bb6";"";"Селище Русино 4 (XV-XVI вв.) (достопримечательное место)";"";"выявленный объект культурного наследия";"категория не устанавливается";"Объект археологии";"2608623806";
"e55c6c03-32c9-11e6-b786-005056806bb6";"";"Курганный могильник Бирюлево";"";"выявленный объект культурного наследия";"категория не устанавливается";"Объект археологии";"2608623807";
"e5ccd88d-56f9-11e2-965f-005056806bb6";"771440981480006";"Территория культурного слоя ""Барашевской слободы"", XVII в. н.э.";"";"объект культурного наследия";"федерального значения";"Объект археологии";"2608623808";
"e5ccd948-56f9-11e2-965f-005056806bb6";"771440984530006";"Село Семцинское (место древнего поселения с зоной культурного слоя), XIV-XVII вв. н.э.";"";"объект культурного наследия";"федерального значения";"Объект археологии";"2608623809";
"e5ccd94f-56f9-11e2-965f-005056806bb6";"771440835170006";"Территория культурного слоя ""Кожевнической слободы"", XVI-XVII вв. н.э.";"";"объект культурного наследия";"федерального значения";"Объект археологии";"2608623810";
"e5ccd9a7-56f9-11e2-965f-005056806bb6";"771440837940006";"Территория культурного слоя ""Немецкой слободы"", XVI-XVII в. н.э.";"";"объект культурного наследия";"федерального значения";"Объект археологии";"2608623811";
"e5ccd9c0-56f9-11e2-965f-005056806bb6";"";"Трехкамерный грот, 1807-1809 гг.";"";"выявленный объект культурного наследия";"категория не устанавливается";"Объект археологии";"2608623812";
"e5ccd9c4-56f9-11e2-965f-005056806bb6";"";"Камер-юнгфарский корпус, 1779-1794 гг.";"";"выявленный объект культурного наследия";"категория не устанавливается";"Объект археологии";"2608623813";
"e77566d2-e491-11e7-9c1f-005056806bb6";"772341375210006";"""Курганный могильник ""Пучково 1"", XII–ХIII вв.";"";"объект культурного наследия";"федерального значения";"Объект археологии";"2608623814";
"e98b82e8-1e26-11e8-9e37-005056806bb6";"772341375200006";"""Курганный могильник ""Малое Голубино 2"", XI–XIII вв.";"";"объект культурного наследия";"федерального значения";"Объект археологии";"2608623815";
"ea068583-3ebb-11e7-a3bd-005056806bb6";"";"Селище ""Ильино 1"" (достопримечательное место)";"";"выявленный объект культурного наследия";"категория не устанавливается";"Объект археологии";"2608623816";
"ebdf5567-56f9-11e2-965f-005056806bb6";"771441198380006";"2-е Митинское селище, XVI-XVII вв.";"";"объект культурного наследия";"федерального значения";"Объект археологии";"2608623817";
"ebdf561d-56f9-11e2-965f-005056806bb6";"771440981500006";"Территория культурного слоя ""Овчинной слободы"", XVII в. н.э.";"";"объект культурного наследия";"федерального значения";"Объект археологии";"2608623819";
"ebdf5656-56f9-11e2-965f-005056806bb6";"771740984560006";"Село Медведково (место древнего поселения с зоной культурного слоя), XVI-XVIII вв.";"";"объект культурного наследия";"федерального значения";"Объект археологии";"2608623820";
"ebdf5696-56f9-11e2-965f-005056806bb6";"";"Территория культурного слоя ""Арбатец слободы"", XVII - нач. XVIII вв. н.э. (достопримечательное место)";"";"выявленный объект культурного наследия";"категория не устанавливается";"Объект археологии";"2608623822";
"ebdf56da-56f9-11e2-965f-005056806bb6";"771640668730006";"Селище 2-ое у Ленинских гор (верхнее), I-III вв.";"";"объект культурного наследия";"федерального значения";"Объект археологии";"2608623823";
"ebdf56db-56f9-11e2-965f-005056806bb6";"771440835180006";"Территория культурного слоя ""Мещанской слободы"", XVII в. н.э.";"";"объект культурного наследия";"федерального значения";"Объект археологии";"2608623824";
"ebdf56eb-56f9-11e2-965f-005056806bb6";"771440984600006";"Село Покровское-Рубцово (место древнего поселения с зоной культурного слоя), XVII в. (достопримечательное место)";"";"объект культурного наследия";"федерального значения";"Объект археологии";"2608623825";
"ebdf56f7-56f9-11e2-965f-005056806bb6";"";"Большой Кавалерский корпус, 1779-1794 гг.";"";"выявленный объект культурного наследия";"категория не устанавливается";"Объект археологии";"2608623826";
"edb4daca-5b05-11e7-9639-005056806bb6";"";"Курганный могильник ""Лосиный остров-1""";"";"выявленный объект культурного наследия";"категория не устанавливается";"Объект археологии";"2608623827";
"f266a5f8-56f9-11e2-965f-005056806bb6";"771441198320006";"Селище при 2-м Спас-Тушинском городище, I тыс. до н.э.- I тыс. н.э.";"";"объект культурного наследия";"федерального значения";"Объект археологии";"2608623828";
"f266a636-56f9-11e2-965f-005056806bb6";"771440981850006";"Территория культурного слоя ""Тушинского лагеря Лжедмитрия II"", XVII в. н.э.";"";"объект культурного наследия";"федерального значения";"Объект археологии";"2608623829";
"f266a65f-56f9-11e2-965f-005056806bb6";"771441212170006";"Красный пруд (конструкции средневекового водоема), XV-XVIII вв.";"";"объект культурного наследия";"федерального значения";"Объект археологии";"2608623830";
"f266a672-56f9-11e2-965f-005056806bb6";"771441198470006";"Грунтовый могильник при Спасском на Всходне монастыре, XIV-XIX вв.";"";"объект культурного наследия";"федерального значения";"Объект археологии";"2608623831";
"f90e0a18-3eb6-11e7-a3bd-005056806bb6";"";"Селище Рязаново 4";"";"выявленный объект культурного наследия";"категория не устанавливается";"Объект археологии";"2608623832";
"f96f1d03-d573-11e5-87bd-005056806bb6";"";"Селище Юрово 3 (XV-XVI вв.) (достопримечательное место)";"";"выявленный объект культурного наследия";"категория не устанавливается";"Объект археологии";"2608623833";
"fa1f3c96-3eba-11e7-a3bd-005056806bb6";"";"Селище ""Рогово 1"" (достопримечательное место)";"";"выявленный объект культурного наследия";"категория не устанавливается";"Объект археологии";"2608623834";
"fb91709f-32c8-11e6-b786-005056806bb6";"772341374820006";"""Курганный могильник Коньково 5"", XI–XIII вв.";"";"объект культурного наследия";"федерального значения";"Объект археологии";"2608623835";
"fc766558-d57e-11e5-87bd-005056806bb6";"";"Селище Спас-Купля 2 (XVI-XVIII вв.) (достопримечательное место)";"";"выявленный объект культурного наследия";"категория не устанавливается";"Объект археологии";"2608623836";
"fe8e4116-1247-11e8-9c1f-005056806bb6";"";"Сад при Государевом дворе, южная часть (достопримечательное место)";"";"выявленный объект культурного наследия";"категория не устанавливается";"Объект археологии";"2608623837";
"ff20fd1a-33f5-11e8-ac6f-005056806bb6";"";"Селище Остафьево 5 (достопримечательное место)";"";"выявленный объект культурного наследия";"категория не устанавливается";"Объект археологии";"2608623838";
"61f01e5c-c93f-11e3-af6a-005056806bb6";"";"Деснинские курганы. Группа № 2";"";"выявленный объект культурного наследия";"категория не устанавливается";"Объект археологии";"2609037448";
"67f1eb2b-c93f-11e3-af6a-005056806bb6";"";"Селище ""Десна-3"" (достопримечательное место)";"";"выявленный объект культурного наследия";"категория не устанавливается";"Объект археологии";"2609037551";
"8ce306a8-56f9-11e2-965f-005056806bb6";"771441211600006";"Подземные конструкции и остатки укреплений ""Китай-города"", XII-XIX вв. н.э.";"";"объект культурного наследия";"федерального значения";"Объект археологии";"2609038166";
"931946f4-56f9-11e2-965f-005056806bb6";"";"Территория культурного слоя ""Городище на Самотеке"", XI-XVII вв. н.э. (достопримечательное место)";"";"выявленный объект культурного наследия";"категория не устанавливается";"Объект археологии";"2609038354";
"9fbc9def-56f9-11e2-965f-005056806bb6";"771440981860006";"Территория культурного слоя ""Шаболовской слободы"", XVII в. н.э.";"";"объект культурного наследия";"федерального значения";"Объект археологии";"2609038740";
"abed83d6-56f9-11e2-965f-005056806bb6";"771440835230006";"Территория культурного слоя ""Ружейной слободы"", XVII в. н.э.";"";"объект культурного наследия";"федерального значения";"Объект археологии";"2609039128";
"abed8525-56f9-11e2-965f-005056806bb6";"771440981550006";"Территория культурного слоя ""Плотничьей слободы"", XVII в. н.э.";"";"объект культурного наследия";"федерального значения";"Объект археологии";"2609039185";
"b249eb44-56f9-11e2-965f-005056806bb6";"771440981600006";"Территория культурного слоя ""Дворцовых слобод"", XVII в. н.э.";"";"объект культурного наследия";"федерального значения";"Объект археологии";"2609039364";
"b5dc5ffa-d3dc-11e5-87bd-005056806bb6";"";"Поселение Рыбино 1 (I тыс. до н.э., XII-XIII вв.)";"";"выявленный объект культурного наследия";"категория не устанавливается";"Объект археологии";"2609039461";
"d25d0d4e-56f9-11e2-965f-005056806bb6";"771440981700006";"Территория культурного слоя ""Чудовой слободы"", XVII в. н.э.";"";"объект культурного наследия";"федерального значения";"Объект археологии";"2609039929";
"d90ce584-56f9-11e2-965f-005056806bb6";"771440835130006";"Территория культурного слоя ""Воздвиженской слободы"", XVII в. н.э.";"";"объект культурного наследия";"федерального значения";"Объект археологии";"2609040030";
"d90ce5af-56f9-11e2-965f-005056806bb6";"771441199610006";"Территория культурного слоя ""Китай-города"", XI-XVIII вв. н.э.";"";"объект культурного наследия";"федерального значения";"Объект археологии";"2609040102";
"d90ce5fc-56f9-11e2-965f-005056806bb6";"";"Территория культурного слоя ""Крутицкой слободы"", XVII-XVIII вв. н.э. (достопримечательное место)";"";"выявленный объект культурного наследия";"категория не устанавливается";"Объект археологии";"2609040113";
"df09ecf6-56f9-11e2-965f-005056806bb6";"771440981830006";"Территория культурного слоя ""Села Три горы"", XV-XVI вв. н.э.";"";"объект культурного наследия";"федерального значения";"Объект археологии";"2609040129";
"df09ed5e-56f9-11e2-965f-005056806bb6";"771440835070006";"Территория культурного слоя ""Сыромятнической слободы"", XVI-XVII вв. н.э.";"";"объект культурного наследия";"федерального значения";"Объект археологии";"2609040147";
"df09edfa-56f9-11e2-965f-005056806bb6";"771440981670006";"Территория культурного слоя ""Рождественской слободы"", XV-XVII вв. н.э.";"";"объект культурного наследия";"федерального значения";"Объект археологии";"2609040230";
"ebdf560a-56f9-11e2-965f-005056806bb6";"771440981570006";"Территория культурного слоя ""Гавриловской слободы"", XVII в. н.э.";"";"объект культурного наследия";"федерального значения";"Объект археологии";"2609040431";
"cbfe4527-56f9-11e2-965f-005056806bb6";"771440984500006";"Село Хлыново (место древнего поселения с зоной культурного слоя), XV-XVI вв.";"";"объект культурного наследия";"федерального значения";"Объект археологии";"2620125297";
"ebdf5677-56f9-11e2-965f-005056806bb6";"771741307770006";"""Территория культурного слоя Московского Кремля, кон. XI–XVIII вв. н.э.""";"";"объект культурного наследия";"федерального значения";"Объект археологии";"2620125298";
"88f1d565-5564-11e5-a6f6-005056806bb6";"771741198590006";"Село Спас, XVI-XIX вв.";"";"объект культурного наследия";"федерального значения";"Объект археологии";"2622020131";
"3d4b5885-1039-11e5-93de-005056806bb6";"771741214710006";"Дер. Пенягино. XVI-XIX вв.";"";"объект культурного наследия";"федерального значения";"Объект археологии";"2622020135";
"e531514e-7a59-11ec-9efe-005056806bb6";"771640658110006";"""Царицынские курганы, (группы 2, 3, 4, 5, 6), XI – XIII вв. н.э.""";"";"объект культурного наследия";"федерального значения";"Объект археологии";"2622020347";
"d90ce595-56f9-11e2-965f-005056806bb6";"771440981780006";"Территория культурного слоя ""Казенной слободы"", XVI-XVII вв. н.э.";"";"объект культурного наследия";"федерального значения";"Объект археологии";"2622021735";
